eyJtZXRob2QiOiJlY2hvIiwiaWQiOjEsInBhcmFtcyI6WyJoZWxsbyBjYWbDqSDwn6aAIl19	eyJqc29ucnBjIjoiMi4wIiwicmVzdWx0IjoiaGVsbG8gY2Fmw6kg8J+mgCIsImlkIjoiMSJ9
eyJtZXRob2QiOiJlY2hvIiwiaWQiOjEuMCwicGFyYW1zIjpbImhlbGxvIl19	eyJqc29ucnBjIjoiMi4wIiwicmVzdWx0IjoiaGVsbG8iLCJpZCI6IjEuMCJ9
eyJtZXRob2QiOiJlY2hvIiwiaWQiOjFlMywicGFyYW1zIjpbImhlbGxvIl19	eyJqc29ucnBjIjoiMi4wIiwicmVzdWx0IjoiaGVsbG8iLCJpZCI6IjFlMyJ9
eyJtZXRob2QiOiJlY2hvIiwiaWQiOnRydWUsInBhcmFtcyI6WyJoZWxsbyJdfQ==	eyJqc29ucnBjIjoiMi4wIiwicmVzdWx0IjoiaGVsbG8iLCJpZCI6InRydWUifQ==
eyJtZXRob2QiOiJlY2hvIiwiaWQiOiIxIiwicGFyYW1zIjpbIjIwMjYtMDEtMDJUMDM6MDQ6MDVaIl19	eyJqc29ucnBjIjoiMi4wIiwiZXJyb3IiOnsiY29kZSI6LTMyNjAyLCJtZXNzYWdlIjoiUGFyYW1ldGVyICd0ZXh0JyBtdXN0IGJlIGEgc3RyaW5nLiJ9LCJpZCI6IjEifQ==
eyJtZXRob2QiOiJlY2hvIiwiaWQiOiIxIiwicGFyYW1zIjpbbnVsbF19	eyJqc29ucnBjIjoiMi4wIiwiZXJyb3IiOnsiY29kZSI6LTMyNjAyLCJtZXNzYWdlIjoiUGFyYW1ldGVyICd0ZXh0JyBjYW5ub3QgYmUgbnVsbC4ifSwiaWQiOiIxIn0=
eyJtZXRob2QiOiJlY2hvIiwiaWQiOiIxIiwicGFyYW1zIjpbM119	eyJqc29ucnBjIjoiMi4wIiwiZXJyb3IiOnsiY29kZSI6LTMyNjAyLCJtZXNzYWdlIjoiUGFyYW1ldGVyICd0ZXh0JyBtdXN0IGJlIGEgc3RyaW5nLiJ9LCJpZCI6IjEifQ==
eyJtZXRob2QiOiJlY2hvIiwiaWQiOiIxIiwicGFyYW1zIjp7InVua25vd24iOiJ4In19	eyJqc29ucnBjIjoiMi4wIiwiZXJyb3IiOnsiY29kZSI6LTMyNjAyLCJtZXNzYWdlIjoiQW4gdW5rbm93biBwYXJhbWV0ZXIgd2FzIHN1cHBsaWVkLiJ9LCJpZCI6IjEifQ==
eyJtZXRob2QiOiJlY2hvIiwiaWQiOiIxIiwicGFyYW1zIjoxfQ==	eyJqc29ucnBjIjoiMi4wIiwiZXJyb3IiOnsiY29kZSI6LTMyNjAyLCJtZXNzYWdlIjoiMSBwYXJhbWV0ZXJzIHdlcmUgZXhwZWN0ZWQgYnV0IDAgd2VyZSByZWNlaXZlZC4ifSwiaWQiOiIxIn0=
eyJtZXRob2QiOiJvcHRpb25hbCIsImlkIjoiMSIsInBhcmFtcyI6W251bGwsInNlY3JldCJdfQ==	eyJqc29ucnBjIjoiMi4wIiwicmVzdWx0Ijo2LCJpZCI6IjEifQ==
eyJtZXRob2QiOiJvcHRpb25hbCIsImlkIjoiMSIsInBhcmFtcyI6eyJmZWUiOm51bGwsInBhc3N3b3JkIjoic2VjcmV0In19	eyJqc29ucnBjIjoiMi4wIiwicmVzdWx0Ijo2LCJpZCI6IjEifQ==
eyJtZXRob2QiOiJpbnRlZ2VyIiwiaWQiOiIxIiwicGFyYW1zIjpbMS4xXX0=	eyJqc29ucnBjIjoiMi4wIiwicmVzdWx0IjoxLCJpZCI6IjEifQ==
eyJtZXRob2QiOiJpbnRlZ2VyIiwiaWQiOiIxIiwicGFyYW1zIjpbMS41XX0=	eyJqc29ucnBjIjoiMi4wIiwicmVzdWx0IjoyLCJpZCI6IjEifQ==
eyJtZXRob2QiOiJpbnRlZ2VyIiwiaWQiOiIxIiwicGFyYW1zIjpbMWUzXX0=	eyJqc29ucnBjIjoiMi4wIiwicmVzdWx0IjoxMDAwLCJpZCI6IjEifQ==
eyJtZXRob2QiOiJpbnRlZ2VyIiwiaWQiOiIxIiwicGFyYW1zIjpbMjE0NzQ4MzY0OF19	eyJqc29ucnBjIjoiMi4wIiwiZXJyb3IiOnsiY29kZSI6LTMyNjAzLCJtZXNzYWdlIjoiQ291bGQgbm90IGNvbnZlcnQgdG8gaW50ZWdlcjogMjE0NzQ4MzY0OC4gUGF0aCAnWzBdJy4ifSwiaWQiOiIxIn0=
eyJtZXRob2QiOiJpbnRlZ2VyIiwiaWQiOiIxIiwicGFyYW1zIjpbIm5vdC1udW1iZXIiXX0=	eyJqc29ucnBjIjoiMi4wIiwiZXJyb3IiOnsiY29kZSI6LTMyNjAzLCJtZXNzYWdlIjoiQ291bGQgbm90IGNvbnZlcnQgc3RyaW5nIHRvIGludGVnZXI6IG5vdC1udW1iZXIuIFBhdGggJ1swXScuIn0sImlkIjoiMSJ9
eyJtZXRob2QiOiJpbnRlZ2VyIiwiaWQiOiIxIiwicGFyYW1zIjpbIiArMDA0MiAiIF19	eyJqc29ucnBjIjoiMi4wIiwicmVzdWx0Ijo0MiwiaWQiOiIxIn0=
eyJtZXRob2QiOiJsb25nIiwiaWQiOiIxIiwicGFyYW1zIjpbOTAwNzE5OTI1NDc0MDk5M119	eyJqc29ucnBjIjoiMi4wIiwicmVzdWx0Ijo5MDA3MTk5MjU0NzQwOTkzLCJpZCI6IjEifQ==
eyJtZXRob2QiOiJkZWNpbWFsIiwiaWQiOiIxIiwicGFyYW1zIjpbMS4yMzQ1Njc4OV19	eyJqc29ucnBjIjoiMi4wIiwicmVzdWx0IjoxLjIzNDU2Nzg5LCJpZCI6IjEifQ==
eyJtZXRob2QiOiJkZWNpbWFsIiwiaWQiOiIxIiwicGFyYW1zIjpbIjEuMjM0NTY3ODkiXX0=	eyJqc29ucnBjIjoiMi4wIiwicmVzdWx0IjoxLjIzNDU2Nzg5LCJpZCI6IjEifQ==
eyJtZXRob2QiOiJtb25leSIsImlkIjoiMSIsInBhcmFtcyI6WzAuMDAwMDAwMDFdfQ==	eyJqc29ucnBjIjoiMi4wIiwiZXJyb3IiOnsiY29kZSI6LTMyNjAzLCJtZXNzYWdlIjoiVW5leHBlY3RlZCBqc29uIHRva2VuIHR5cGUsIGV4cGVjdGVkIGlzIEludGVnZXIgYW5kIGFjdHVhbCBpcyBGbG9hdCJ9LCJpZCI6IjEifQ==
eyJtZXRob2QiOiJtb25leSIsImlkIjoiMSIsInBhcmFtcyI6WyIwLjAwMDAwMDAxIl19	eyJqc29ucnBjIjoiMi4wIiwiZXJyb3IiOnsiY29kZSI6LTMyNjAzLCJtZXNzYWdlIjoiVW5leHBlY3RlZCBqc29uIHRva2VuIHR5cGUsIGV4cGVjdGVkIGlzIEludGVnZXIgYW5kIGFjdHVhbCBpcyBTdHJpbmcifSwiaWQiOiIxIn0=
eyJtZXRob2QiOiJtb25leSIsImlkIjoiMSIsInBhcmFtcyI6WzAuMDAwMDAwMDAxXX0=	eyJqc29ucnBjIjoiMi4wIiwiZXJyb3IiOnsiY29kZSI6LTMyNjAzLCJtZXNzYWdlIjoiVW5leHBlY3RlZCBqc29uIHRva2VuIHR5cGUsIGV4cGVjdGVkIGlzIEludGVnZXIgYW5kIGFjdHVhbCBpcyBGbG9hdCJ9LCJpZCI6IjEifQ==
eyJtZXRob2QiOiJib29sZWFuIiwiaWQiOiIxIiwicGFyYW1zIjpbInRydWUiXX0=	eyJqc29ucnBjIjoiMi4wIiwicmVzdWx0Ijp0cnVlLCJpZCI6IjEifQ==
eyJtZXRob2QiOiJib29sZWFuIiwiaWQiOiIxIiwicGFyYW1zIjpbMV19	eyJqc29ucnBjIjoiMi4wIiwicmVzdWx0Ijp0cnVlLCJpZCI6IjEifQ==
eyJtZXRob2QiOiJndWlkIiwiaWQiOiIxIiwicGFyYW1zIjpbIjExMTExMTExLTIyMjItMzMzMy00NDQ0LTU1NTU1NTU1NTU1NSJdfQ==	eyJqc29ucnBjIjoiMi4wIiwicmVzdWx0IjoiMTExMTExMTEtMjIyMi0zMzMzLTQ0NDQtNTU1NTU1NTU1NTU1IiwiaWQiOiIxIn0=
eyJtZXRob2QiOiJndWlkIiwiaWQiOiIxIiwicGFyYW1zIjpbImJhZC1ndWlkIl19	eyJqc29ucnBjIjoiMi4wIiwiZXJyb3IiOnsiY29kZSI6LTMyNjAzLCJtZXNzYWdlIjoiRXJyb3IgY29udmVydGluZyB2YWx1ZSBcImJhZC1ndWlkXCIgdG8gdHlwZSAnU3lzdGVtLkd1aWQnLiBQYXRoICdbMF0nLiJ9LCJpZCI6IjEifQ==
eyJtZXRob2QiOiJvdXRwb2ludCIsImlkIjoiMSIsInBhcmFtcyI6W3sidHJhbnNhY3Rpb25pZCI6IjAwMDAwMDAwMDAwMDAwMDAwMDAwMDAwMDAwMDAwMDAwMDAwMDAwMDAwMDAwMDAwMDAwMDAwMDAwMDAwMDAwMDEiLCJpbmRleCI6NDI5NDk2NzI5NX1dfQ==	eyJqc29ucnBjIjoiMi4wIiwicmVzdWx0Ijp7IlRyYW5zYWN0aW9uSWQiOiIwMDAwMDAwMDAwMDAwMDAwMDAwMDAwMDAwMDAwMDAwMDAwMDAwMDAwMDAwMDAwMDAwMDAwMDAwMDAwMDAwMDAxIiwiSW5kZXgiOjQyOTQ5NjcyOTV9LCJpZCI6IjEifQ==
eyJtZXRob2QiOiJzaGFwZXMiLCJpZCI6IjEifQ==	eyJqc29ucnBjIjoiMi4wIiwicmVzdWx0Ijp7ImxvbmciOjkwMDcxOTkyNTQ3NDA5OTMsIm1vbmV5IjoxLCJmZWUiOjIuNSwiaGFzaCI6IjAwMDAwMDAwMDAwMDAwMDAwMDAwMDAwMDAwMDAwMDAwMDAwMDAwMDAwMDAwMDAwMDAwMDAwMDAwMDAwMDAwMDEiLCJvZmZzZXQiOjE3NjcyOTQyNDUsInV0YyI6MTc2NzMyMzA0NSwibnVsbCI6bnVsbCwiYnl0ZXMiOiIwMDAxMDJmZiJ9LCJpZCI6IjEifQ==
eyJtZXRob2QiOiJtaXNzaW5nIiwiaWQiOiIxIn0=	eyJqc29ucnBjIjoiMi4wIiwiZXJyb3IiOnsiY29kZSI6LTMyNjAxLCJtZXNzYWdlIjoiJ21pc3NpbmcnIG1ldGhvZCBub3QgZm91bmQuIn0sImlkIjoiMSJ9
eyJtZXRob2QiOiJmYWlsIiwiaWQiOiIxIn0=	eyJqc29ucnBjIjoiMi4wIiwiZXJyb3IiOnsiY29kZSI6LTMyNjAzLCJtZXNzYWdlIjoic3ludGhldGljIGRvbWFpbiBmYWlsdXJlIn0sImlkIjoiMSJ9
eyJtZXRob2QiOiJhc3luYyIsImlkIjoiMSJ9	eyJqc29ucnBjIjoiMi4wIiwicmVzdWx0Ijo3LCJpZCI6IjEifQ==
eyJtZXRob2QiOiJ2b2lkIiwiaWQiOiIxIn0=	eyJqc29ucnBjIjoiMi4wIiwicmVzdWx0IjpudWxsLCJpZCI6IjEifQ==
W3sibWV0aG9kIjoiZWNobyIsImlkIjpudWxsLCJwYXJhbXMiOlsicXVpZXQiXX0seyJtZXRob2QiOiJlY2hvIiwiaWQiOiIxIiwicGFyYW1zIjpbInJlcGx5Il19XQ==	Wyx7Impzb25ycGMiOiIyLjAiLCJyZXN1bHQiOiJyZXBseSIsImlkIjoiMSJ9XQ==
W10=	W10=
bnVsbA==	VEhST1c6TnVsbFJlZmVyZW5jZUV4Y2VwdGlvbjpPYmplY3QgcmVmZXJlbmNlIG5vdCBzZXQgdG8gYW4gaW5zdGFuY2Ugb2YgYW4gb2JqZWN0Lg==
e2JhZH0=	eyJqc29ucnBjIjoiMi4wIiwiZXJyb3IiOnsiY29kZSI6LTMyNzAwLCJtZXNzYWdlIjoiUGFyc2UgZXJyb3IifSwiaWQiOm51bGx9
Lypjb21tZW50Ki97Im1ldGhvZCI6InZvaWQiLCJpZCI6MSx9	eyJqc29ucnBjIjoiMi4wIiwicmVzdWx0IjpudWxsLCJpZCI6IjEifQ==
eyJtZXRob2QiOiJlY2hvIiwiaWQiOiIxIiwicGFyYW1zIjpbImZpcnN0IiwiZXh0cmEiXX0=	eyJqc29ucnBjIjoiMi4wIiwiZXJyb3IiOnsiY29kZSI6LTMyNjAyLCJtZXNzYWdlIjoiVG9vIG1hbnkgcGFyYW1ldGVycyB3ZXJlIHN1cHBsaWVkLiJ9LCJpZCI6IjEifQ==
eyJtZXRob2QiOiJlY2hvIiwiaWQiOiIxIiwicGFyYW1zIjp7InRleHQiOiJmaXJzdCIsInRleHQiOiJsYXN0In19	eyJqc29ucnBjIjoiMi4wIiwicmVzdWx0IjoibGFzdCIsImlkIjoiMSJ9
eyJtZXRob2QiOiJtb25leSIsImlkIjoxLCJwYXJhbXMiOlsxXX0=	eyJqc29ucnBjIjoiMi4wIiwicmVzdWx0IjoxLCJpZCI6IjEifQ==
eyJtZXRob2QiOiJtb25leSIsImlkIjoxLCJwYXJhbXMiOls5MjIzMzcyMDM2ODU0Nzc1ODA3XX0=	eyJqc29ucnBjIjoiMi4wIiwicmVzdWx0Ijo5MjIzMzcyMDM2ODU0Nzc1ODA3LCJpZCI6IjEifQ==
eyJtZXRob2QiOiJtb25leSIsImlkIjoxLCJwYXJhbXMiOlstMV19	eyJqc29ucnBjIjoiMi4wIiwicmVzdWx0IjotMSwiaWQiOiIxIn0=
eyJtZXRob2QiOiJtb25leSIsImlkIjoxLCJwYXJhbXMiOltudWxsXX0=	eyJqc29ucnBjIjoiMi4wIiwiZXJyb3IiOnsiY29kZSI6LTMyNjAyLCJtZXNzYWdlIjoiUGFyYW1ldGVyICdhbW91bnQnIGNhbm5vdCBiZSBudWxsLiJ9LCJpZCI6IjEifQ==
eyJtZXRob2QiOiJtb25leSIsImlkIjoxLCJwYXJhbXMiOlt0cnVlXX0=	eyJqc29ucnBjIjoiMi4wIiwiZXJyb3IiOnsiY29kZSI6LTMyNjAzLCJtZXNzYWdlIjoiVW5leHBlY3RlZCBqc29uIHRva2VuIHR5cGUsIGV4cGVjdGVkIGlzIEludGVnZXIgYW5kIGFjdHVhbCBpcyBCb29sZWFuIn0sImlkIjoiMSJ9
eyJtZXRob2QiOiJkZWNpbWFsIiwiaWQiOjEsInBhcmFtcyI6WzEuMF19	eyJqc29ucnBjIjoiMi4wIiwicmVzdWx0IjoxLjAsImlkIjoiMSJ9
eyJtZXRob2QiOiJkZWNpbWFsIiwiaWQiOjEsInBhcmFtcyI6WzEuMjM0NTY3ODkwMTIzNDU2Nzg5MDEyMzQ1Njc4OV19	eyJqc29ucnBjIjoiMi4wIiwicmVzdWx0IjoxLjIzNDU2Nzg5MDEyMzQ2LCJpZCI6IjEifQ==
eyJtZXRob2QiOiJkZWNpbWFsIiwiaWQiOjEsInBhcmFtcyI6WyIxLjIzMDAiXX0=	eyJqc29ucnBjIjoiMi4wIiwicmVzdWx0IjoxLjIzMDAsImlkIjoiMSJ9
eyJtZXRob2QiOiJkZWNpbWFsIiwiaWQiOjEsInBhcmFtcyI6WyIxZTMiXX0=	eyJqc29ucnBjIjoiMi4wIiwicmVzdWx0IjoxMDAwLjAsImlkIjoiMSJ9
eyJtZXRob2QiOiJkZWNpbWFsIiwiaWQiOjEsInBhcmFtcyI6W3RydWVdfQ==	eyJqc29ucnBjIjoiMi4wIiwiZXJyb3IiOnsiY29kZSI6LTMyNjAzLCJtZXNzYWdlIjoiRXJyb3IgcmVhZGluZyBkZWNpbWFsLiBVbmV4cGVjdGVkIHRva2VuOiBCb29sZWFuLiBQYXRoICdbMF0nLiJ9LCJpZCI6IjEifQ==
eyJtZXRob2QiOiJpbnRlZ2VyIiwiaWQiOjEsInBhcmFtcyI6W3RydWVdfQ==	eyJqc29ucnBjIjoiMi4wIiwiZXJyb3IiOnsiY29kZSI6LTMyNjAzLCJtZXNzYWdlIjoiRXJyb3IgcmVhZGluZyBpbnRlZ2VyLiBVbmV4cGVjdGVkIHRva2VuOiBCb29sZWFuLiBQYXRoICdbMF0nLiJ9LCJpZCI6IjEifQ==
eyJtZXRob2QiOiJpbnRlZ2VyIiwiaWQiOjEsInBhcmFtcyI6Wy0xLjVdfQ==	eyJqc29ucnBjIjoiMi4wIiwicmVzdWx0IjotMiwiaWQiOiIxIn0=
eyJtZXRob2QiOiJpbnRlZ2VyIiwiaWQiOjEsInBhcmFtcyI6WzIuNV19	eyJqc29ucnBjIjoiMi4wIiwicmVzdWx0IjoyLCJpZCI6IjEifQ==
eyJtZXRob2QiOiJpbnRlZ2VyIiwiaWQiOjEsInBhcmFtcyI6W251bGxdfQ==	eyJqc29ucnBjIjoiMi4wIiwiZXJyb3IiOnsiY29kZSI6LTMyNjAzLCJtZXNzYWdlIjoiRXJyb3IgY29udmVydGluZyB2YWx1ZSB7bnVsbH0gdG8gdHlwZSAnU3lzdGVtLkludDMyJy4gUGF0aCAnWzBdJy4ifSwiaWQiOiIxIn0=
eyJtZXRob2QiOiJpbnRlZ2VyIiwiaWQiOjEsInBhcmFtcyI6WyIxLjAiXX0=	eyJqc29ucnBjIjoiMi4wIiwiZXJyb3IiOnsiY29kZSI6LTMyNjAzLCJtZXNzYWdlIjoiQ291bGQgbm90IGNvbnZlcnQgc3RyaW5nIHRvIGludGVnZXI6IDEuMC4gUGF0aCAnWzBdJy4ifSwiaWQiOiIxIn0=
eyJtZXRob2QiOiJsb25nIiwiaWQiOjEsInBhcmFtcyI6WzEuNV19	eyJqc29ucnBjIjoiMi4wIiwicmVzdWx0IjoyLCJpZCI6IjEifQ==
eyJtZXRob2QiOiJsb25nIiwiaWQiOjEsInBhcmFtcyI6WyJiYWQiXX0=	eyJqc29ucnBjIjoiMi4wIiwiZXJyb3IiOnsiY29kZSI6LTMyNjAzLCJtZXNzYWdlIjoiRXJyb3IgY29udmVydGluZyB2YWx1ZSBcImJhZFwiIHRvIHR5cGUgJ1N5c3RlbS5JbnQ2NCcuIFBhdGggJ1swXScuIn0sImlkIjoiMSJ9
eyJtZXRob2QiOiJib29sZWFuIiwiaWQiOjEsInBhcmFtcyI6WyJiYWQiXX0=	eyJqc29ucnBjIjoiMi4wIiwiZXJyb3IiOnsiY29kZSI6LTMyNjAzLCJtZXNzYWdlIjoiQ291bGQgbm90IGNvbnZlcnQgc3RyaW5nIHRvIGJvb2xlYW46IGJhZC4gUGF0aCAnWzBdJy4ifSwiaWQiOiIxIn0=
eyJtZXRob2QiOiJib29sZWFuIiwiaWQiOjEsInBhcmFtcyI6WzAuMV19	eyJqc29ucnBjIjoiMi4wIiwicmVzdWx0Ijp0cnVlLCJpZCI6IjEifQ==
eyJtZXRob2QiOiJib29sZWFuIiwiaWQiOjEsInBhcmFtcyI6W251bGxdfQ==	eyJqc29ucnBjIjoiMi4wIiwiZXJyb3IiOnsiY29kZSI6LTMyNjAzLCJtZXNzYWdlIjoiRXJyb3IgY29udmVydGluZyB2YWx1ZSB7bnVsbH0gdG8gdHlwZSAnU3lzdGVtLkJvb2xlYW4nLiBQYXRoICdbMF0nLiJ9LCJpZCI6IjEifQ==
eyJtZXRob2QiOiJvdXRwb2ludCIsImlkIjoxLCJwYXJhbXMiOlt7fV19	eyJqc29ucnBjIjoiMi4wIiwiZXJyb3IiOnsiY29kZSI6LTMyNjAzLCJtZXNzYWdlIjoiVmFsdWUgY2Fubm90IGJlIG51bGwuIChQYXJhbWV0ZXIgJ2hhc2gnKSJ9LCJpZCI6IjEifQ==
eyJtZXRob2QiOiJvdXRwb2ludCIsImlkIjoxLCJwYXJhbXMiOlt7IlRyYW5zYWN0aW9uSWQiOm51bGwsIkluZGV4IjoxfV19	eyJqc29ucnBjIjoiMi4wIiwiZXJyb3IiOnsiY29kZSI6LTMyNjAzLCJtZXNzYWdlIjoiVmFsdWUgY2Fubm90IGJlIG51bGwuIChQYXJhbWV0ZXIgJ2hhc2gnKSJ9LCJpZCI6IjEifQ==
eyJtZXRob2QiOiJvdXRwb2ludCIsImlkIjoxLCJwYXJhbXMiOlt7IlRyYW5zYWN0aW9uSWQiOiJiYWQiLCJJbmRleCI6MX1dfQ==	eyJqc29ucnBjIjoiMi4wIiwiZXJyb3IiOnsiY29kZSI6LTMyNjAzLCJtZXNzYWdlIjoiQSB1aW50MjU2IG11c3QgYmUgNjQgY2hhcmFjdGVycyJ9LCJpZCI6IjEifQ==
eyJtZXRob2QiOiJwYXltZW50IiwiaWQiOjEsInBhcmFtcyI6W1t7InNlbmR0byI6ImJjMXE3enFxc21xeDV5bWhkN3FuNzNsbTk2dzV5cWRrcm14N2ZkZXZhaCIsImFtb3VudCI6MSwibGFiZWwiOiJjYWbDqSJ9XV19	eyJqc29ucnBjIjoiMi4wIiwicmVzdWx0IjpbeyJzZW5kdG8iOiJiYzFxN3pxcXNtcXg1eW1oZDdxbjczbG05Nnc1eXFka3JteDdmZGV2YWgiLCJhbW91bnQiOjEsImxhYmVsIjoiY2Fmw6kiLCJzdWJ0cmFjdEZlZSI6ZmFsc2V9XSwiaWQiOiIxIn0=
eyJtZXRob2QiOiJwYXltZW50IiwiaWQiOjEsInBhcmFtcyI6W1t7fV1dfQ==	eyJqc29ucnBjIjoiMi4wIiwicmVzdWx0IjpbeyJzZW5kdG8iOm51bGwsImFtb3VudCI6bnVsbCwibGFiZWwiOm51bGwsInN1YnRyYWN0RmVlIjpmYWxzZX1dLCJpZCI6IjEifQ==
eyJtZXRob2QiOiJhZGRyZXNzIiwiaWQiOjEsInBhcmFtcyI6WyJiYWQiXX0=	eyJqc29ucnBjIjoiMi4wIiwiZXJyb3IiOnsiY29kZSI6LTMyNjAzLCJtZXNzYWdlIjoiSW52YWxpZCBzdHJpbmcifSwiaWQiOiIxIn0=
eyJtZXRob2QiOiJkZXN0aW5hdGlvbiIsImlkIjoxLCJwYXJhbXMiOlszXX0=	eyJqc29ucnBjIjoiMi4wIiwiZXJyb3IiOnsiY29kZSI6LTMyNjAzLCJtZXNzYWdlIjoiVmFsdWUgY2Fubm90IGJlIG51bGwuIChQYXJhbWV0ZXIgJ2FkZHJlc3MnKSJ9LCJpZCI6IjEifQ==
eyJtZXRob2QiOiJoYXNoIiwiaWQiOjEsInBhcmFtcyI6WyJiYWQiXX0=	eyJqc29ucnBjIjoiMi4wIiwiZXJyb3IiOnsiY29kZSI6LTMyNjAzLCJtZXNzYWdlIjoiQSB1aW50MjU2IG11c3QgYmUgNjQgY2hhcmFjdGVycyJ9LCJpZCI6IjEifQ==
eyJtZXRob2QiOiAiZWNobyIsICJpZCI6IDEsICJwYXJhbXMiOiBbIjIwMjYtMDEtMDJUMDM6MDQ6MDUiXX0=	eyJqc29ucnBjIjoiMi4wIiwiZXJyb3IiOnsiY29kZSI6LTMyNjAyLCJtZXNzYWdlIjoiUGFyYW1ldGVyICd0ZXh0JyBtdXN0IGJlIGEgc3RyaW5nLiJ9LCJpZCI6IjEifQ==
eyJtZXRob2QiOiAiZWNobyIsICJpZCI6IDEsICJwYXJhbXMiOiBbIjIwMjYtMDEtMDIiXX0=	eyJqc29ucnBjIjoiMi4wIiwicmVzdWx0IjoiMjAyNi0wMS0wMiIsImlkIjoiMSJ9
eyJtZXRob2QiOiAiZWNobyIsICJpZCI6IDEsICJwYXJhbXMiOiBbIjIwMjYtMDItMzBUMDM6MDQ6MDVaIl19	eyJqc29ucnBjIjoiMi4wIiwicmVzdWx0IjoiMjAyNi0wMi0zMFQwMzowNDowNVoiLCJpZCI6IjEifQ==
eyJtZXRob2QiOiAiZWNobyIsICJpZCI6IDEsICJwYXJhbXMiOiBbIjIwMjYtMDEtMDJUMDM6MDQ6MDUrMDg6MDAiXX0=	eyJqc29ucnBjIjoiMi4wIiwiZXJyb3IiOnsiY29kZSI6LTMyNjAyLCJtZXNzYWdlIjoiUGFyYW1ldGVyICd0ZXh0JyBtdXN0IGJlIGEgc3RyaW5nLiJ9LCJpZCI6IjEifQ==
eyJtZXRob2QiOiAiZWNobyIsICJpZCI6IDEsICJwYXJhbXMiOiBbIjIwMjYtMDEtMDJUMDM6MDQ6MDUuMTIzNDU2NzhaIl19	eyJqc29ucnBjIjoiMi4wIiwicmVzdWx0IjoiMjAyNi0wMS0wMlQwMzowNDowNS4xMjM0NTY3OFoiLCJpZCI6IjEifQ==
eyJtZXRob2QiOiAiZWNobyIsICJpZCI6IDEsICJwYXJhbXMiOiBbIi9EYXRlKDApLyJdfQ==	eyJqc29ucnBjIjoiMi4wIiwiZXJyb3IiOnsiY29kZSI6LTMyNjAyLCJtZXNzYWdlIjoiUGFyYW1ldGVyICd0ZXh0JyBtdXN0IGJlIGEgc3RyaW5nLiJ9LCJpZCI6IjEifQ==
eyJtZXRob2QiOiJ2b2lkIiwiaWQiOjEsImlkIjoyfQ==	eyJqc29ucnBjIjoiMi4wIiwicmVzdWx0IjpudWxsLCJpZCI6IjIifQ==
eyJtZXRob2QiOiJ2b2lkIiwiaWQiOjEsIklEIjoyfQ==	eyJqc29ucnBjIjoiMi4wIiwicmVzdWx0IjpudWxsLCJpZCI6IjIifQ==
eyJtZXRob2QiOjEyMywiaWQiOjF9	eyJqc29ucnBjIjoiMi4wIiwiZXJyb3IiOnsiY29kZSI6LTMyNjAxLCJtZXNzYWdlIjoiJzEyMycgbWV0aG9kIG5vdCBmb3VuZC4ifSwiaWQiOiIxIn0=
eyJtZXRob2QiOnRydWUsImlkIjoxfQ==	eyJqc29ucnBjIjoiMi4wIiwiZXJyb3IiOnsiY29kZSI6LTMyNjAxLCJtZXNzYWdlIjoiJ3RydWUnIG1ldGhvZCBub3QgZm91bmQuIn0sImlkIjoiMSJ9
eyJtZXRob2QiOiJ2b2lkIiwiaWQiOnt9LCJwYXJhbXMiOltdfQ==	eyJqc29ucnBjIjoiMi4wIiwiZXJyb3IiOnsiY29kZSI6LTMyNzAwLCJtZXNzYWdlIjoiUGFyc2UgZXJyb3IifSwiaWQiOm51bGx9
eyJtZXRob2QiOiJ2b2lkIiwiaWQiOjEuMjMwMH0=	eyJqc29ucnBjIjoiMi4wIiwicmVzdWx0IjpudWxsLCJpZCI6IjEuMjMwMCJ9
eyJtZXRob2QiOiJ2b2lkIiwiaWQiOi0wfQ==	eyJqc29ucnBjIjoiMi4wIiwicmVzdWx0IjpudWxsLCJpZCI6Ii0wIn0=
eyJtZXRob2QiOiJ2b2lkIiwiaWQiOjFlMzA5fQ==	eyJqc29ucnBjIjoiMi4wIiwicmVzdWx0IjpudWxsLCJpZCI6IjFlMzA5In0=
e21ldGhvZDondm9pZCcsaWQ6MX0=	eyJqc29ucnBjIjoiMi4wIiwicmVzdWx0IjpudWxsLCJpZCI6IjEifQ==
